id,nombre,fecha_creacion
1,Justin Case,2022-05-23
2,Jim Sox,2022-08-02
3,Doreen D Wall,2022-10-21
4,Zenda Flowers,2022-12-02
5,Zelda Zoule,2022-12-13
6,Seymour Butz,2022-12-27
7,Homero Thompson,2021-01-02
8,Rich Elders,2021-02-11
9,June Flowers,2021-03-07
10,Mararet Thompson,2021-04-26
11,Annie Seed,2021-06-11
12,Rita Book,2021-06-18
13,Robin Banks,2021-09-05
14,Crystall Ball,2021-10-13
15,Candice B Fureal,2023-01-25
16,Emma Tator,2023-12-10
17,Page Turner,2025-02-22
18,Yvoone Moore,2025-06-25
19,Dwight A Capella,2026-01-13
